[
  {
    "id_product": 1,
    "product_name": "Aarika Baby Girls’ Party Wear Frock",
    "imgName": "product5-3.jpg",
    "price": 55,
    "quantity": 10,
    "currency": "rub",
    "gender": "g",
    "quickOverview": "Blue colour self design casual shirt, made with 100% cotton, slim fit, mandarin collar with a full buttoned chest placket, single chest patch pocket, full sleeve with buttoned cuffs, brand embroidery at the left side of the chest. It was popularised in the 1960s with the release of Letraset sheets containing Lorem Ipsum passages, and more recently with desktop publishing software like Aldus PageMaker including versions of Lorem Ipsum.",
    "description": "Blue colour self design casual shirt, made with 100% cotton, slim fit, mandarin collar with a full buttoned chest placket, single chest patch pocket, full sleeve with buttoned cuffs, brand embroidery at the left side of the chest.",
    "review": [
      {
        "1": [
          {
            "id_user":"1",
            "name_user":"Nika",
            "data":"12.12.12",
            "content":"какой отличный отзыв",
            "star": 3

          }
        ],
        "2":  [
          {
            "id_user":"2",
            "name_user":"Миша",
            "data":"12.12.12",
            "content":"какой отличный отзыв",
            "star": 4
          }
        ],
        "3":  [
          {
            "id_user":"3",
            "name_user":"Сирожа",
            "data":"12.12.12",
            "content":"какой отличный отзыв",
            "star": 5
          }
        ]
      }
    ]
  }
]
